Deck Name,Card Name,Type
Iron Thorn,Iron Thorns ex Twilight Masquerade 77,Pokemon
Iron Thorn,Iron Thorns ex Twilight Masquerade 77,Pokemon
Iron Thorn,Iron Thorns ex Twilight Masquerade 77,Pokemon
Iron Thorn,Iron Thorns ex Twilight Masquerade 77,Pokemon
Iron Thorn,Professor's Research Scarlet & Violet 189,Trainer
Iron Thorn,Professor's Research Scarlet & Violet 189,Trainer
Iron Thorn,Professor's Research Scarlet & Violet 189,Trainer
Iron Thorn,Professor's Research Scarlet & Violet 189,Trainer
Iron Thorn,Arven Obsidian Flames 186,Trainer
Iron Thorn,Arven Obsidian Flames 186,Trainer
Iron Thorn,Arven Obsidian Flames 186,Trainer
Iron Thorn,Judge Scarlet & Violet 176,Trainer
Iron Thorn,Judge Scarlet & Violet 176,Trainer
Iron Thorn,Judge Scarlet & Violet 176,Trainer
Iron Thorn,Boss's Orders Paldea Evolved 172,Trainer
Iron Thorn,Boss's Orders Paldea Evolved 172,Trainer
Iron Thorn,Boss's Orders Paldea Evolved 172,Trainer
Iron Thorn,Penny Scarlet & Violet 183,Trainer
Iron Thorn,Eri Temporal Forces 146,Trainer
Iron Thorn,Colress's Tenacity Shrouded Fable 57,Trainer
Iron Thorn,Iono Paldea Evolved 185,Trainer
Iron Thorn,Crushing Hammer Scarlet & Violet 168,Trainer
Iron Thorn,Crushing Hammer Scarlet & Violet 168,Trainer
Iron Thorn,Crushing Hammer Scarlet & Violet 168,Trainer
Iron Thorn,Crushing Hammer Scarlet & Violet 168,Trainer
Iron Thorn,PokÃ©gear 3.0 Scarlet & Violet 186,Trainer
Iron Thorn,PokÃ©gear 3.0 Scarlet & Violet 186,Trainer
Iron Thorn,PokÃ©gear 3.0 Scarlet & Violet 186,Trainer
Iron Thorn,PokÃ©gear 3.0 Scarlet & Violet 186,Trainer
Iron Thorn,PokÃ©mon Catcher Scarlet & Violet 187,Trainer
Iron Thorn,PokÃ©mon Catcher Scarlet & Violet 187,Trainer
Iron Thorn,PokÃ©mon Catcher Scarlet & Violet 187,Trainer
Iron Thorn,Trekking Shoes Astral Radiance 156,Trainer
Iron Thorn,Trekking Shoes Astral Radiance 156,Trainer
Iron Thorn,Trekking Shoes Astral Radiance 156,Trainer
Iron Thorn,Techno Radar Paradox Rift 180,Trainer
Iron Thorn,Techno Radar Paradox Rift 180,Trainer
Iron Thorn,Prime Catcher Temporal Forces 157,Trainer
Iron Thorn,Earthen Vessel Paradox Rift 163,Trainer
Iron Thorn,Lost Vacuum Lost Origin 162,Trainer
Iron Thorn,Pal Pad Scarlet & Violet 182,Trainer
Iron Thorn,Future Booster Energy Capsule Temporal Forces 149,Trainer
Iron Thorn,Future Booster Energy Capsule Temporal Forces 149,Trainer
Iron Thorn,Future Booster Energy Capsule Temporal Forces 149,Trainer
Iron Thorn,Technical Machine: Turbo Energize Paradox Rift 179,Trainer
Iron Thorn,Technical Machine: Devolution Paradox Rift 177,Trainer
Iron Thorn,Lost City Lost Origin 161,Trainer
Iron Thorn,Lost City Lost Origin 161,Trainer
Iron Thorn,Town Store Obsidian Flames 196,Trainer
Iron Thorn,Lightning Energy Scarlet & Violet 12,Energy
Iron Thorn,Lightning Energy Scarlet & Violet 12,Energy
Iron Thorn,Lightning Energy Scarlet & Violet 12,Energy
Iron Thorn,Lightning Energy Scarlet & Violet 12,Energy
Iron Thorn,Lightning Energy Scarlet & Violet 12,Energy
Iron Thorn,Lightning Energy Scarlet & Violet 12,Energy
Iron Thorn,Lightning Energy Scarlet & Violet 12,Energy
Iron Thorn,Double Turbo Energy Brilliant Stars 151,Energy
Iron Thorn,Double Turbo Energy Brilliant Stars 151,Energy
Iron Thorn,Double Turbo Energy Brilliant Stars 151,Energy
Iron Thorn,Double Turbo Energy Brilliant Stars 151,Energy
Iron Thorn1,Iron Thorns ex Twilight Masquerade 77,Pokemon
Iron Thorn1,Iron Thorns ex Twilight Masquerade 77,Pokemon
Iron Thorn1,Iron Thorns ex Twilight Masquerade 77,Pokemon
Iron Thorn1,Iron Thorns ex Twilight Masquerade 77,Pokemon
Iron Thorn1,Professor's Research Scarlet & Violet 189,Trainer
Iron Thorn1,Professor's Research Scarlet & Violet 189,Trainer
Iron Thorn1,Professor's Research Scarlet & Violet 189,Trainer
Iron Thorn1,Professor's Research Scarlet & Violet 189,Trainer
Iron Thorn1,Arven Obsidian Flames 186,Trainer
Iron Thorn1,Arven Obsidian Flames 186,Trainer
Iron Thorn1,Arven Obsidian Flames 186,Trainer
Iron Thorn1,Judge Scarlet & Violet 176,Trainer
Iron Thorn1,Judge Scarlet & Violet 176,Trainer
Iron Thorn1,Judge Scarlet & Violet 176,Trainer
Iron Thorn1,Boss's Orders Paldea Evolved 172,Trainer
Iron Thorn1,Boss's Orders Paldea Evolved 172,Trainer
Iron Thorn1,Boss's Orders Paldea Evolved 172,Trainer
Iron Thorn1,Penny Scarlet & Violet 183,Trainer
Iron Thorn1,Eri Temporal Forces 146,Trainer
Iron Thorn1,Colress's Tenacity Shrouded Fable 57,Trainer
Iron Thorn1,Iono Paldea Evolved 185,Trainer
Iron Thorn1,Crushing Hammer Scarlet & Violet 168,Trainer
Iron Thorn1,Crushing Hammer Scarlet & Violet 168,Trainer
Iron Thorn1,Crushing Hammer Scarlet & Violet 168,Trainer
Iron Thorn1,Crushing Hammer Scarlet & Violet 168,Trainer
Iron Thorn1,PokÃ©gear 3.0 Scarlet & Violet 186,Trainer
Iron Thorn1,PokÃ©gear 3.0 Scarlet & Violet 186,Trainer
Iron Thorn1,PokÃ©gear 3.0 Scarlet & Violet 186,Trainer
Iron Thorn1,PokÃ©gear 3.0 Scarlet & Violet 186,Trainer
Iron Thorn1,PokÃ©mon Catcher Scarlet & Violet 187,Trainer
Iron Thorn1,PokÃ©mon Catcher Scarlet & Violet 187,Trainer
Iron Thorn1,PokÃ©mon Catcher Scarlet & Violet 187,Trainer
Iron Thorn1,Trekking Shoes Astral Radiance 156,Trainer
Iron Thorn1,Trekking Shoes Astral Radiance 156,Trainer
Iron Thorn1,Trekking Shoes Astral Radiance 156,Trainer
Iron Thorn1,Techno Radar Paradox Rift 180,Trainer
Iron Thorn1,Techno Radar Paradox Rift 180,Trainer
Iron Thorn1,Prime Catcher Temporal Forces 157,Trainer
Iron Thorn1,Earthen Vessel Paradox Rift 163,Trainer
Iron Thorn1,Lost Vacuum Lost Origin 162,Trainer
Iron Thorn1,Pal Pad Scarlet & Violet 182,Trainer
Iron Thorn1,Future Booster Energy Capsule Temporal Forces 149,Trainer
Iron Thorn1,Future Booster Energy Capsule Temporal Forces 149,Trainer
Iron Thorn1,Future Booster Energy Capsule Temporal Forces 149,Trainer
Iron Thorn1,Technical Machine: Turbo Energize Paradox Rift 179,Trainer
Iron Thorn1,Technical Machine: Devolution Paradox Rift 177,Trainer
Iron Thorn1,Lost City Lost Origin 161,Trainer
Iron Thorn1,Lost City Lost Origin 161,Trainer
Iron Thorn1,Town Store Obsidian Flames 196,Trainer
Iron Thorn1,Lightning Energy Scarlet & Violet 12,Energy
Iron Thorn1,Lightning Energy Scarlet & Violet 12,Energy
Iron Thorn1,Lightning Energy Scarlet & Violet 12,Energy
Iron Thorn1,Lightning Energy Scarlet & Violet 12,Energy
Iron Thorn1,Lightning Energy Scarlet & Violet 12,Energy
Iron Thorn1,Lightning Energy Scarlet & Violet 12,Energy
Iron Thorn1,Lightning Energy Scarlet & Violet 12,Energy
Iron Thorn1,Double Turbo Energy Brilliant Stars 151,Energy
Iron Thorn1,Double Turbo Energy Brilliant Stars 151,Energy
Iron Thorn1,Double Turbo Energy Brilliant Stars 151,Energy
Iron Thorn1,Double Turbo Energy Brilliant Stars 151,Energy
Iron Thorn2,Iron Thorns ex Twilight Masquerade 77,Pokemon
Iron Thorn2,Iron Thorns ex Twilight Masquerade 77,Pokemon
Iron Thorn2,Iron Thorns ex Twilight Masquerade 77,Pokemon
Iron Thorn2,Iron Thorns ex Twilight Masquerade 77,Pokemon
Iron Thorn2,Professor's Research Scarlet & Violet 189,Trainer
Iron Thorn2,Professor's Research Scarlet & Violet 189,Trainer
Iron Thorn2,Professor's Research Scarlet & Violet 189,Trainer
Iron Thorn2,Professor's Research Scarlet & Violet 189,Trainer
Iron Thorn2,Arven Obsidian Flames 186,Trainer
Iron Thorn2,Arven Obsidian Flames 186,Trainer
Iron Thorn2,Arven Obsidian Flames 186,Trainer
Iron Thorn2,Judge Scarlet & Violet 176,Trainer
Iron Thorn2,Judge Scarlet & Violet 176,Trainer
Iron Thorn2,Judge Scarlet & Violet 176,Trainer
Iron Thorn2,Boss's Orders Paldea Evolved 172,Trainer
Iron Thorn2,Boss's Orders Paldea Evolved 172,Trainer
Iron Thorn2,Boss's Orders Paldea Evolved 172,Trainer
Iron Thorn2,Penny Scarlet & Violet 183,Trainer
Iron Thorn2,Eri Temporal Forces 146,Trainer
Iron Thorn2,Colress's Tenacity Shrouded Fable 57,Trainer
Iron Thorn2,Iono Paldea Evolved 185,Trainer
Iron Thorn2,Crushing Hammer Scarlet & Violet 168,Trainer
Iron Thorn2,Crushing Hammer Scarlet & Violet 168,Trainer
Iron Thorn2,Crushing Hammer Scarlet & Violet 168,Trainer
Iron Thorn2,Crushing Hammer Scarlet & Violet 168,Trainer
Iron Thorn2,PokÃ©gear 3.0 Scarlet & Violet 186,Trainer
Iron Thorn2,PokÃ©gear 3.0 Scarlet & Violet 186,Trainer
Iron Thorn2,PokÃ©gear 3.0 Scarlet & Violet 186,Trainer
Iron Thorn2,PokÃ©gear 3.0 Scarlet & Violet 186,Trainer
Iron Thorn2,PokÃ©mon Catcher Scarlet & Violet 187,Trainer
Iron Thorn2,PokÃ©mon Catcher Scarlet & Violet 187,Trainer
Iron Thorn2,PokÃ©mon Catcher Scarlet & Violet 187,Trainer
Iron Thorn2,Trekking Shoes Astral Radiance 156,Trainer
Iron Thorn2,Trekking Shoes Astral Radiance 156,Trainer
Iron Thorn2,Trekking Shoes Astral Radiance 156,Trainer
Iron Thorn2,Techno Radar Paradox Rift 180,Trainer
Iron Thorn2,Techno Radar Paradox Rift 180,Trainer
Iron Thorn2,Prime Catcher Temporal Forces 157,Trainer
Iron Thorn2,Earthen Vessel Paradox Rift 163,Trainer
Iron Thorn2,Lost Vacuum Lost Origin 162,Trainer
Iron Thorn2,Pal Pad Scarlet & Violet 182,Trainer
Iron Thorn2,Future Booster Energy Capsule Temporal Forces 149,Trainer
Iron Thorn2,Future Booster Energy Capsule Temporal Forces 149,Trainer
Iron Thorn2,Future Booster Energy Capsule Temporal Forces 149,Trainer
Iron Thorn2,Technical Machine: Turbo Energize Paradox Rift 179,Trainer
Iron Thorn2,Technical Machine: Devolution Paradox Rift 177,Trainer
Iron Thorn2,Lost City Lost Origin 161,Trainer
Iron Thorn2,Lost City Lost Origin 161,Trainer
Iron Thorn2,Town Store Obsidian Flames 196,Trainer
Iron Thorn2,Lightning Energy Scarlet & Violet 12,Energy
Iron Thorn2,Lightning Energy Scarlet & Violet 12,Energy
Iron Thorn2,Lightning Energy Scarlet & Violet 12,Energy
Iron Thorn2,Lightning Energy Scarlet & Violet 12,Energy
Iron Thorn2,Lightning Energy Scarlet & Violet 12,Energy
Iron Thorn2,Lightning Energy Scarlet & Violet 12,Energy
Iron Thorn2,Lightning Energy Scarlet & Violet 12,Energy
Iron Thorn2,Double Turbo Energy Brilliant Stars 151,Energy
Iron Thorn2,Double Turbo Energy Brilliant Stars 151,Energy
Iron Thorn2,Double Turbo Energy Brilliant Stars 151,Energy
Iron Thorn2,Double Turbo Energy Brilliant Stars 151,Energy
Iron Thorn3,Iron Thorns ex Twilight Masquerade 77,Pokemon
Iron Thorn3,Iron Thorns ex Twilight Masquerade 77,Pokemon
Iron Thorn3,Iron Thorns ex Twilight Masquerade 77,Pokemon
Iron Thorn3,Iron Thorns ex Twilight Masquerade 77,Pokemon
Iron Thorn3,Arven Obsidian Flames 186,Trainer
Iron Thorn3,Arven Obsidian Flames 186,Trainer
Iron Thorn3,Arven Obsidian Flames 186,Trainer
Iron Thorn3,Arven Obsidian Flames 186,Trainer
Iron Thorn3,Judge Scarlet & Violet 176,Trainer
Iron Thorn3,Judge Scarlet & Violet 176,Trainer
Iron Thorn3,Judge Scarlet & Violet 176,Trainer
Iron Thorn3,Professor's Research Scarlet & Violet 189,Trainer
Iron Thorn3,Professor's Research Scarlet & Violet 189,Trainer
Iron Thorn3,Professor's Research Scarlet & Violet 189,Trainer
Iron Thorn3,Boss's Orders Paldea Evolved 172,Trainer
Iron Thorn3,Boss's Orders Paldea Evolved 172,Trainer
Iron Thorn3,Boss's Orders Paldea Evolved 172,Trainer
Iron Thorn3,Penny Scarlet & Violet 183,Trainer
Iron Thorn3,Penny Scarlet & Violet 183,Trainer
Iron Thorn3,Colress's Tenacity Shrouded Fable 57,Trainer
Iron Thorn3,Iono Paldea Evolved 185,Trainer
Iron Thorn3,Eri Temporal Forces 146,Trainer
Iron Thorn3,Crushing Hammer Scarlet & Violet 168,Trainer
Iron Thorn3,Crushing Hammer Scarlet & Violet 168,Trainer
Iron Thorn3,Crushing Hammer Scarlet & Violet 168,Trainer
Iron Thorn3,Crushing Hammer Scarlet & Violet 168,Trainer
Iron Thorn3,PokÃ©gear 3.0 Scarlet & Violet 186,Trainer
Iron Thorn3,PokÃ©gear 3.0 Scarlet & Violet 186,Trainer
Iron Thorn3,PokÃ©gear 3.0 Scarlet & Violet 186,Trainer
Iron Thorn3,PokÃ©gear 3.0 Scarlet & Violet 186,Trainer
Iron Thorn3,PokÃ©mon Catcher Scarlet & Violet 187,Trainer
Iron Thorn3,PokÃ©mon Catcher Scarlet & Violet 187,Trainer
Iron Thorn3,PokÃ©mon Catcher Scarlet & Violet 187,Trainer
Iron Thorn3,Canceling Cologne Astral Radiance 136,Trainer
Iron Thorn3,Canceling Cologne Astral Radiance 136,Trainer
Iron Thorn3,Techno Radar Paradox Rift 180,Trainer
Iron Thorn3,Techno Radar Paradox Rift 180,Trainer
Iron Thorn3,Lost Vacuum Lost Origin 162,Trainer
Iron Thorn3,Lost Vacuum Lost Origin 162,Trainer
Iron Thorn3,Prime Catcher Temporal Forces 157,Trainer
Iron Thorn3,Earthen Vessel Paradox Rift 163,Trainer
Iron Thorn3,Pal Pad Scarlet & Violet 182,Trainer
Iron Thorn3,Future Booster Energy Capsule Temporal Forces 149,Trainer
Iron Thorn3,Future Booster Energy Capsule Temporal Forces 149,Trainer
Iron Thorn3,Future Booster Energy Capsule Temporal Forces 149,Trainer
Iron Thorn3,Technical Machine: Turbo Energize Paradox Rift 179,Trainer
Iron Thorn3,Technical Machine: Devolution Paradox Rift 177,Trainer
Iron Thorn3,Lost City Lost Origin 161,Trainer
Iron Thorn3,Lost City Lost Origin 161,Trainer
Iron Thorn3,Town Store Obsidian Flames 196,Trainer
Iron Thorn3,Lightning Energy Scarlet & Violet 12,Energy
Iron Thorn3,Lightning Energy Scarlet & Violet 12,Energy
Iron Thorn3,Lightning Energy Scarlet & Violet 12,Energy
Iron Thorn3,Lightning Energy Scarlet & Violet 12,Energy
Iron Thorn3,Lightning Energy Scarlet & Violet 12,Energy
Iron Thorn3,Lightning Energy Scarlet & Violet 12,Energy
Iron Thorn3,Double Turbo Energy Brilliant Stars 151,Energy
Iron Thorn3,Double Turbo Energy Brilliant Stars 151,Energy
Iron Thorn3,Double Turbo Energy Brilliant Stars 151,Energy
Iron Thorn3,Double Turbo Energy Brilliant Stars 151,Energy
Iron Thorn4,Iron Thorns ex Twilight Masquerade 77,Pokemon
Iron Thorn4,Iron Thorns ex Twilight Masquerade 77,Pokemon
Iron Thorn4,Iron Thorns ex Twilight Masquerade 77,Pokemon
Iron Thorn4,Iron Thorns ex Twilight Masquerade 77,Pokemon
Iron Thorn4,Arven Obsidian Flames 186,Trainer
Iron Thorn4,Arven Obsidian Flames 186,Trainer
Iron Thorn4,Arven Obsidian Flames 186,Trainer
Iron Thorn4,Arven Obsidian Flames 186,Trainer
Iron Thorn4,Professor's Research Scarlet & Violet 189,Trainer
Iron Thorn4,Professor's Research Scarlet & Violet 189,Trainer
Iron Thorn4,Professor's Research Scarlet & Violet 189,Trainer
Iron Thorn4,Professor's Research Scarlet & Violet 189,Trainer
Iron Thorn4,Boss's Orders Paldea Evolved 172,Trainer
Iron Thorn4,Boss's Orders Paldea Evolved 172,Trainer
Iron Thorn4,Boss's Orders Paldea Evolved 172,Trainer
Iron Thorn4,Boss's Orders Paldea Evolved 172,Trainer
Iron Thorn4,Penny Scarlet & Violet 183,Trainer
Iron Thorn4,Penny Scarlet & Violet 183,Trainer
Iron Thorn4,Penny Scarlet & Violet 183,Trainer
Iron Thorn4,Judge Scarlet & Violet 176,Trainer
Iron Thorn4,Judge Scarlet & Violet 176,Trainer
Iron Thorn4,Judge Scarlet & Violet 176,Trainer
Iron Thorn4,Iono Paldea Evolved 185,Trainer
Iron Thorn4,Iono Paldea Evolved 185,Trainer
Iron Thorn4,PokÃ©gear 3.0 Scarlet & Violet 186,Trainer
Iron Thorn4,PokÃ©gear 3.0 Scarlet & Violet 186,Trainer
Iron Thorn4,PokÃ©gear 3.0 Scarlet & Violet 186,Trainer
Iron Thorn4,PokÃ©gear 3.0 Scarlet & Violet 186,Trainer
Iron Thorn4,Crushing Hammer Scarlet & Violet 168,Trainer
Iron Thorn4,Crushing Hammer Scarlet & Violet 168,Trainer
Iron Thorn4,Crushing Hammer Scarlet & Violet 168,Trainer
Iron Thorn4,Crushing Hammer Scarlet & Violet 168,Trainer
Iron Thorn4,Lost Vacuum Lost Origin 162,Trainer
Iron Thorn4,Lost Vacuum Lost Origin 162,Trainer
Iron Thorn4,Lost Vacuum Lost Origin 162,Trainer
Iron Thorn4,Techno Radar Paradox Rift 180,Trainer
Iron Thorn4,Techno Radar Paradox Rift 180,Trainer
Iron Thorn4,Energy Loto Astral Radiance 140,Trainer
Iron Thorn4,Energy Loto Astral Radiance 140,Trainer
Iron Thorn4,Earthen Vessel Paradox Rift 163,Trainer
Iron Thorn4,Unfair Stamp Twilight Masquerade 165,Trainer
Iron Thorn4,Future Booster Energy Capsule Temporal Forces 149,Trainer
Iron Thorn4,Future Booster Energy Capsule Temporal Forces 149,Trainer
Iron Thorn4,Future Booster Energy Capsule Temporal Forces 149,Trainer
Iron Thorn4,Technical Machine: Turbo Energize Paradox Rift 179,Trainer
Iron Thorn4,Technical Machine: Devolution Paradox Rift 177,Trainer
Iron Thorn4,Lost City Lost Origin 161,Trainer
Iron Thorn4,Lost City Lost Origin 161,Trainer
Iron Thorn4,Lost City Lost Origin 161,Trainer
Iron Thorn4,Lightning Energy Scarlet & Violet 12,Energy
Iron Thorn4,Lightning Energy Scarlet & Violet 12,Energy
Iron Thorn4,Lightning Energy Scarlet & Violet 12,Energy
Iron Thorn4,Lightning Energy Scarlet & Violet 12,Energy
Iron Thorn4,Lightning Energy Scarlet & Violet 12,Energy
Iron Thorn4,Lightning Energy Scarlet & Violet 12,Energy
Iron Thorn4,Lightning Energy Scarlet & Violet 12,Energy
Iron Thorn4,Double Turbo Energy Brilliant Stars 151,Energy
Iron Thorn4,Double Turbo Energy Brilliant Stars 151,Energy
Iron Thorn4,Double Turbo Energy Brilliant Stars 151,Energy
Iron Thorn4,Double Turbo Energy Brilliant Stars 151,Energy
Iron Thorn5,Iron Thorns ex Twilight Masquerade 77,Pokemon
Iron Thorn5,Iron Thorns ex Twilight Masquerade 77,Pokemon
Iron Thorn5,Iron Thorns ex Twilight Masquerade 77,Pokemon
Iron Thorn5,Iron Thorns ex Twilight Masquerade 77,Pokemon
Iron Thorn5,Arven Obsidian Flames 186,Trainer
Iron Thorn5,Arven Obsidian Flames 186,Trainer
Iron Thorn5,Arven Obsidian Flames 186,Trainer
Iron Thorn5,Arven Obsidian Flames 186,Trainer
Iron Thorn5,Professor's Research Scarlet & Violet 189,Trainer
Iron Thorn5,Professor's Research Scarlet & Violet 189,Trainer
Iron Thorn5,Professor's Research Scarlet & Violet 189,Trainer
Iron Thorn5,Professor's Research Scarlet & Violet 189,Trainer
Iron Thorn5,Boss's Orders Paldea Evolved 172,Trainer
Iron Thorn5,Boss's Orders Paldea Evolved 172,Trainer
Iron Thorn5,Boss's Orders Paldea Evolved 172,Trainer
Iron Thorn5,Boss's Orders Paldea Evolved 172,Trainer
Iron Thorn5,Judge Scarlet & Violet 176,Trainer
Iron Thorn5,Judge Scarlet & Violet 176,Trainer
Iron Thorn5,Judge Scarlet & Violet 176,Trainer
Iron Thorn5,Penny Scarlet & Violet 183,Trainer
Iron Thorn5,Penny Scarlet & Violet 183,Trainer
Iron Thorn5,Eri Temporal Forces 146,Trainer
Iron Thorn5,Eri Temporal Forces 146,Trainer
Iron Thorn5,PokÃ©gear 3.0 Scarlet & Violet 186,Trainer
Iron Thorn5,PokÃ©gear 3.0 Scarlet & Violet 186,Trainer
Iron Thorn5,PokÃ©gear 3.0 Scarlet & Violet 186,Trainer
Iron Thorn5,PokÃ©gear 3.0 Scarlet & Violet 186,Trainer
Iron Thorn5,Crushing Hammer Scarlet & Violet 168,Trainer
Iron Thorn5,Crushing Hammer Scarlet & Violet 168,Trainer
Iron Thorn5,Crushing Hammer Scarlet & Violet 168,Trainer
Iron Thorn5,Crushing Hammer Scarlet & Violet 168,Trainer
Iron Thorn5,PokÃ©mon Catcher Scarlet & Violet 187,Trainer
Iron Thorn5,PokÃ©mon Catcher Scarlet & Violet 187,Trainer
Iron Thorn5,Lost Vacuum Lost Origin 162,Trainer
Iron Thorn5,Lost Vacuum Lost Origin 162,Trainer
Iron Thorn5,Energy Loto Astral Radiance 140,Trainer
Iron Thorn5,Energy Loto Astral Radiance 140,Trainer
Iron Thorn5,Earthen Vessel Paradox Rift 163,Trainer
Iron Thorn5,Techno Radar Paradox Rift 180,Trainer
Iron Thorn5,Nest Ball Scarlet & Violet 181,Trainer
Iron Thorn5,Prime Catcher Temporal Forces 157,Trainer
Iron Thorn5,Future Booster Energy Capsule Temporal Forces 149,Trainer
Iron Thorn5,Future Booster Energy Capsule Temporal Forces 149,Trainer
Iron Thorn5,Future Booster Energy Capsule Temporal Forces 149,Trainer
Iron Thorn5,Technical Machine: Turbo Energize Paradox Rift 179,Trainer
Iron Thorn5,Technical Machine: Devolution Paradox Rift 177,Trainer
Iron Thorn5,Lost City Lost Origin 161,Trainer
Iron Thorn5,Lost City Lost Origin 161,Trainer
Iron Thorn5,Lost City Lost Origin 161,Trainer
Iron Thorn5,Lightning Energy Scarlet & Violet 12,Energy
Iron Thorn5,Lightning Energy Scarlet & Violet 12,Energy
Iron Thorn5,Lightning Energy Scarlet & Violet 12,Energy
Iron Thorn5,Lightning Energy Scarlet & Violet 12,Energy
Iron Thorn5,Lightning Energy Scarlet & Violet 12,Energy
Iron Thorn5,Lightning Energy Scarlet & Violet 12,Energy
Iron Thorn5,Lightning Energy Scarlet & Violet 12,Energy
Iron Thorn5,Double Turbo Energy Brilliant Stars 151,Energy
Iron Thorn5,Double Turbo Energy Brilliant Stars 151,Energy
Iron Thorn5,Double Turbo Energy Brilliant Stars 151,Energy
Iron Thorn5,Double Turbo Energy Brilliant Stars 151,Energy
Iron Thorn6,Iron Thorns ex Twilight Masquerade 77,Pokemon
Iron Thorn6,Iron Thorns ex Twilight Masquerade 77,Pokemon
Iron Thorn6,Iron Thorns ex Twilight Masquerade 77,Pokemon
Iron Thorn6,Iron Thorns ex Twilight Masquerade 77,Pokemon
Iron Thorn6,Arven Obsidian Flames 186,Trainer
Iron Thorn6,Arven Obsidian Flames 186,Trainer
Iron Thorn6,Arven Obsidian Flames 186,Trainer
Iron Thorn6,Arven Obsidian Flames 186,Trainer
Iron Thorn6,Boss's Orders Paldea Evolved 172,Trainer
Iron Thorn6,Boss's Orders Paldea Evolved 172,Trainer
Iron Thorn6,Boss's Orders Paldea Evolved 172,Trainer
Iron Thorn6,Boss's Orders Paldea Evolved 172,Trainer
Iron Thorn6,Professor's Research Scarlet & Violet 189,Trainer
Iron Thorn6,Professor's Research Scarlet & Violet 189,Trainer
Iron Thorn6,Professor's Research Scarlet & Violet 189,Trainer
Iron Thorn6,Professor's Research Scarlet & Violet 189,Trainer
Iron Thorn6,Judge Scarlet & Violet 176,Trainer
Iron Thorn6,Judge Scarlet & Violet 176,Trainer
Iron Thorn6,Judge Scarlet & Violet 176,Trainer
Iron Thorn6,Penny Scarlet & Violet 183,Trainer
Iron Thorn6,Penny Scarlet & Violet 183,Trainer
Iron Thorn6,Penny Scarlet & Violet 183,Trainer
Iron Thorn6,Iono Paldea Evolved 185,Trainer
Iron Thorn6,Iono Paldea Evolved 185,Trainer
Iron Thorn6,PokÃ©gear 3.0 Scarlet & Violet 186,Trainer
Iron Thorn6,PokÃ©gear 3.0 Scarlet & Violet 186,Trainer
Iron Thorn6,PokÃ©gear 3.0 Scarlet & Violet 186,Trainer
Iron Thorn6,PokÃ©gear 3.0 Scarlet & Violet 186,Trainer
Iron Thorn6,Crushing Hammer Scarlet & Violet 168,Trainer
Iron Thorn6,Crushing Hammer Scarlet & Violet 168,Trainer
Iron Thorn6,Crushing Hammer Scarlet & Violet 168,Trainer
Iron Thorn6,Crushing Hammer Scarlet & Violet 168,Trainer
Iron Thorn6,Lost Vacuum Lost Origin 162,Trainer
Iron Thorn6,Lost Vacuum Lost Origin 162,Trainer
Iron Thorn6,Lost Vacuum Lost Origin 162,Trainer
Iron Thorn6,Energy Loto Astral Radiance 140,Trainer
Iron Thorn6,Energy Loto Astral Radiance 140,Trainer
Iron Thorn6,Energy Loto Astral Radiance 140,Trainer
Iron Thorn6,Techno Radar Paradox Rift 180,Trainer
Iron Thorn6,Techno Radar Paradox Rift 180,Trainer
Iron Thorn6,Unfair Stamp Twilight Masquerade 165,Trainer
Iron Thorn6,Future Booster Energy Capsule Temporal Forces 149,Trainer
Iron Thorn6,Future Booster Energy Capsule Temporal Forces 149,Trainer
Iron Thorn6,Future Booster Energy Capsule Temporal Forces 149,Trainer
Iron Thorn6,Technical Machine: Devolution Paradox Rift 177,Trainer
Iron Thorn6,Technical Machine: Turbo Energize Paradox Rift 179,Trainer
Iron Thorn6,Lost City Lost Origin 161,Trainer
Iron Thorn6,Lost City Lost Origin 161,Trainer
Iron Thorn6,Lost City Lost Origin 161,Trainer
Iron Thorn6,Lightning Energy Scarlet & Violet 12,Energy
Iron Thorn6,Lightning Energy Scarlet & Violet 12,Energy
Iron Thorn6,Lightning Energy Scarlet & Violet 12,Energy
Iron Thorn6,Lightning Energy Scarlet & Violet 12,Energy
Iron Thorn6,Lightning Energy Scarlet & Violet 12,Energy
Iron Thorn6,Lightning Energy Scarlet & Violet 12,Energy
Iron Thorn6,Lightning Energy Scarlet & Violet 12,Energy
Iron Thorn6,Double Turbo Energy Brilliant Stars 151,Energy
Iron Thorn6,Double Turbo Energy Brilliant Stars 151,Energy
Iron Thorn6,Double Turbo Energy Brilliant Stars 151,Energy
Iron Thorn6,Double Turbo Energy Brilliant Stars 151,Energy
Iron Thorn7,Iron Thorns ex Twilight Masquerade 77,Pokemon
Iron Thorn7,Iron Thorns ex Twilight Masquerade 77,Pokemon
Iron Thorn7,Iron Thorns ex Twilight Masquerade 77,Pokemon
Iron Thorn7,Iron Thorns ex Twilight Masquerade 77,Pokemon
Iron Thorn7,Boss's Orders Paldea Evolved 172,Trainer
Iron Thorn7,Boss's Orders Paldea Evolved 172,Trainer
Iron Thorn7,Boss's Orders Paldea Evolved 172,Trainer
Iron Thorn7,Boss's Orders Paldea Evolved 172,Trainer
Iron Thorn7,Professor's Research Scarlet & Violet 189,Trainer
Iron Thorn7,Professor's Research Scarlet & Violet 189,Trainer
Iron Thorn7,Professor's Research Scarlet & Violet 189,Trainer
Iron Thorn7,Professor's Research Scarlet & Violet 189,Trainer
Iron Thorn7,Judge Scarlet & Violet 176,Trainer
Iron Thorn7,Judge Scarlet & Violet 176,Trainer
Iron Thorn7,Judge Scarlet & Violet 176,Trainer
Iron Thorn7,Judge Scarlet & Violet 176,Trainer
Iron Thorn7,Arven Obsidian Flames 186,Trainer
Iron Thorn7,Arven Obsidian Flames 186,Trainer
Iron Thorn7,Arven Obsidian Flames 186,Trainer
Iron Thorn7,Arven Obsidian Flames 186,Trainer
Iron Thorn7,Colress's Tenacity Shrouded Fable 57,Trainer
Iron Thorn7,Colress's Tenacity Shrouded Fable 57,Trainer
Iron Thorn7,Penny Scarlet & Violet 183,Trainer
Iron Thorn7,Penny Scarlet & Violet 183,Trainer
Iron Thorn7,PokÃ©gear 3.0 Scarlet & Violet 186,Trainer
Iron Thorn7,PokÃ©gear 3.0 Scarlet & Violet 186,Trainer
Iron Thorn7,PokÃ©gear 3.0 Scarlet & Violet 186,Trainer
Iron Thorn7,PokÃ©gear 3.0 Scarlet & Violet 186,Trainer
Iron Thorn7,Crushing Hammer Scarlet & Violet 168,Trainer
Iron Thorn7,Crushing Hammer Scarlet & Violet 168,Trainer
Iron Thorn7,Crushing Hammer Scarlet & Violet 168,Trainer
Iron Thorn7,Crushing Hammer Scarlet & Violet 168,Trainer
Iron Thorn7,Enhanced Hammer Twilight Masquerade 148,Trainer
Iron Thorn7,Enhanced Hammer Twilight Masquerade 148,Trainer
Iron Thorn7,Techno Radar Paradox Rift 180,Trainer
Iron Thorn7,Techno Radar Paradox Rift 180,Trainer
Iron Thorn7,Lost Vacuum Lost Origin 162,Trainer
Iron Thorn7,Lost Vacuum Lost Origin 162,Trainer
Iron Thorn7,Earthen Vessel Paradox Rift 163,Trainer
Iron Thorn7,Prime Catcher Temporal Forces 157,Trainer
Iron Thorn7,Energy Loto Astral Radiance 140,Trainer
Iron Thorn7,Future Booster Energy Capsule Temporal Forces 149,Trainer
Iron Thorn7,Future Booster Energy Capsule Temporal Forces 149,Trainer
Iron Thorn7,Future Booster Energy Capsule Temporal Forces 149,Trainer
Iron Thorn7,Technical Machine: Devolution Paradox Rift 177,Trainer
Iron Thorn7,Technical Machine: Turbo Energize Paradox Rift 179,Trainer
Iron Thorn7,Lost City Lost Origin 161,Trainer
Iron Thorn7,Lost City Lost Origin 161,Trainer
Iron Thorn7,Lost City Lost Origin 161,Trainer
Iron Thorn7,Lightning Energy Scarlet & Violet 12,Energy
Iron Thorn7,Lightning Energy Scarlet & Violet 12,Energy
Iron Thorn7,Lightning Energy Scarlet & Violet 12,Energy
Iron Thorn7,Lightning Energy Scarlet & Violet 12,Energy
Iron Thorn7,Lightning Energy Scarlet & Violet 12,Energy
Iron Thorn7,Lightning Energy Scarlet & Violet 12,Energy
Iron Thorn7,Lightning Energy Scarlet & Violet 12,Energy
Iron Thorn7,Double Turbo Energy Brilliant Stars 151,Energy
Iron Thorn7,Double Turbo Energy Brilliant Stars 151,Energy
Iron Thorn7,Double Turbo Energy Brilliant Stars 151,Energy
Iron Thorn7,Double Turbo Energy Brilliant Stars 151,Energy
Iron Thorn8,Iron Thorns ex Twilight Masquerade 77,Pokemon
Iron Thorn8,Iron Thorns ex Twilight Masquerade 77,Pokemon
Iron Thorn8,Iron Thorns ex Twilight Masquerade 77,Pokemon
Iron Thorn8,Iron Thorns ex Twilight Masquerade 77,Pokemon
Iron Thorn8,Arven Obsidian Flames 186,Trainer
Iron Thorn8,Arven Obsidian Flames 186,Trainer
Iron Thorn8,Arven Obsidian Flames 186,Trainer
Iron Thorn8,Arven Obsidian Flames 186,Trainer
Iron Thorn8,Professor's Research Scarlet & Violet 189,Trainer
Iron Thorn8,Professor's Research Scarlet & Violet 189,Trainer
Iron Thorn8,Professor's Research Scarlet & Violet 189,Trainer
Iron Thorn8,Professor's Research Scarlet & Violet 189,Trainer
Iron Thorn8,Boss's Orders Paldea Evolved 172,Trainer
Iron Thorn8,Boss's Orders Paldea Evolved 172,Trainer
Iron Thorn8,Boss's Orders Paldea Evolved 172,Trainer
Iron Thorn8,Judge Scarlet & Violet 176,Trainer
Iron Thorn8,Judge Scarlet & Violet 176,Trainer
Iron Thorn8,Colress's Tenacity Shrouded Fable 57,Trainer
Iron Thorn8,Colress's Tenacity Shrouded Fable 57,Trainer
Iron Thorn8,Penny Scarlet & Violet 183,Trainer
Iron Thorn8,Penny Scarlet & Violet 183,Trainer
Iron Thorn8,Giovanni's Charisma 151 161,Trainer
Iron Thorn8,Iono Paldea Evolved 185,Trainer
Iron Thorn8,Crushing Hammer Scarlet & Violet 168,Trainer
Iron Thorn8,Crushing Hammer Scarlet & Violet 168,Trainer
Iron Thorn8,Crushing Hammer Scarlet & Violet 168,Trainer
Iron Thorn8,Crushing Hammer Scarlet & Violet 168,Trainer
Iron Thorn8,PokÃ©gear 3.0 Scarlet & Violet 186,Trainer
Iron Thorn8,PokÃ©gear 3.0 Scarlet & Violet 186,Trainer
Iron Thorn8,PokÃ©gear 3.0 Scarlet & Violet 186,Trainer
Iron Thorn8,PokÃ©gear 3.0 Scarlet & Violet 186,Trainer
Iron Thorn8,Energy Loto Astral Radiance 140,Trainer
Iron Thorn8,Energy Loto Astral Radiance 140,Trainer
Iron Thorn8,Techno Radar Paradox Rift 180,Trainer
Iron Thorn8,Techno Radar Paradox Rift 180,Trainer
Iron Thorn8,Enhanced Hammer Twilight Masquerade 148,Trainer
Iron Thorn8,Prime Catcher Temporal Forces 157,Trainer
Iron Thorn8,Earthen Vessel Paradox Rift 163,Trainer
Iron Thorn8,Pal Pad Scarlet & Violet 182,Trainer
Iron Thorn8,Canceling Cologne Astral Radiance 136,Trainer
Iron Thorn8,Lost Vacuum Lost Origin 162,Trainer
Iron Thorn8,Switch Cart Astral Radiance 154,Trainer
Iron Thorn8,Future Booster Energy Capsule Temporal Forces 149,Trainer
Iron Thorn8,Future Booster Energy Capsule Temporal Forces 149,Trainer
Iron Thorn8,Future Booster Energy Capsule Temporal Forces 149,Trainer
Iron Thorn8,Technical Machine: Turbo Energize Paradox Rift 179,Trainer
Iron Thorn8,Technical Machine: Devolution Paradox Rift 177,Trainer
Iron Thorn8,Lost City Lost Origin 161,Trainer
Iron Thorn8,Lost City Lost Origin 161,Trainer
Iron Thorn8,Lost City Lost Origin 161,Trainer
Iron Thorn8,Lightning Energy Scarlet & Violet 12,Energy
Iron Thorn8,Lightning Energy Scarlet & Violet 12,Energy
Iron Thorn8,Lightning Energy Scarlet & Violet 12,Energy
Iron Thorn8,Lightning Energy Scarlet & Violet 12,Energy
Iron Thorn8,Lightning Energy Scarlet & Violet 12,Energy
Iron Thorn8,Lightning Energy Scarlet & Violet 12,Energy
Iron Thorn8,Double Turbo Energy Brilliant Stars 151,Energy
Iron Thorn8,Double Turbo Energy Brilliant Stars 151,Energy
Iron Thorn8,Double Turbo Energy Brilliant Stars 151,Energy
Iron Thorn8,Double Turbo Energy Brilliant Stars 151,Energy
Miraidon,Miraidon ex Scarlet & Violet 81,Pokemon
Miraidon,Miraidon ex Scarlet & Violet 81,Pokemon
Miraidon,Iron Hands ex Paradox Rift 70,Pokemon
Miraidon,Iron Hands ex Paradox Rift 70,Pokemon
Miraidon,Magnemite Surging Sparks 58,Pokemon
Miraidon,Magneton Surging Sparks 59,Pokemon
Miraidon,Raikou V Brilliant Stars 48,Pokemon
Miraidon,Pikachu ex Surging Sparks 57,Pokemon
Miraidon,Raichu V Brilliant Stars 45,Pokemon
Miraidon,Zapdos Pokémon GO 29,Pokemon
Miraidon,Iron Bundle Paradox Rift 56,Pokemon
Miraidon,Latias ex Surging Sparks 76,Pokemon
Miraidon,Lumineon V Brilliant Stars 40,Pokemon
Miraidon,Mew ex 151 151,Pokemon
Miraidon,Fezandipiti ex Shrouded Fable 38,Pokemon
Miraidon,Bloodmoon Ursaluna ex Twilight Masquerade 141,Pokemon
Miraidon,Squawkabilly ex Paldea Evolved 169,Pokemon
Miraidon,Boss's Orders Paldea Evolved 172,Trainer
Miraidon,Boss's Orders Paldea Evolved 172,Trainer
Miraidon,Boss's Orders Paldea Evolved 172,Trainer
Miraidon,Boss's Orders Paldea Evolved 172,Trainer
Miraidon,Arven Obsidian Flames 186,Trainer
Miraidon,Arven Obsidian Flames 186,Trainer
Miraidon,Professor's Research Scarlet & Violet 189,Trainer
Miraidon,Nest Ball Scarlet & Violet 181,Trainer
Miraidon,Nest Ball Scarlet & Violet 181,Trainer
Miraidon,Nest Ball Scarlet & Violet 181,Trainer
Miraidon,Nest Ball Scarlet & Violet 181,Trainer
Miraidon,Electric Generator Scarlet & Violet 170,Trainer
Miraidon,Electric Generator Scarlet & Violet 170,Trainer
Miraidon,Electric Generator Scarlet & Violet 170,Trainer
Miraidon,Electric Generator Scarlet & Violet 170,Trainer
Miraidon,Ultra Ball Scarlet & Violet 196,Trainer
Miraidon,Ultra Ball Scarlet & Violet 196,Trainer
Miraidon,Ultra Ball Scarlet & Violet 196,Trainer
Miraidon,Hisuian Heavy Ball Astral Radiance 146,Trainer
Miraidon,Secret Box Twilight Masquerade 163,Trainer
Miraidon,Lost Vacuum Lost Origin 162,Trainer
Miraidon,Canceling Cologne Astral Radiance 136,Trainer
Miraidon,Forest Seal Stone Silver Tempest 156,Trainer
Miraidon,Forest Seal Stone Silver Tempest 156,Trainer
Miraidon,Rescue Board Temporal Forces 159,Trainer
Miraidon,Vitality Band Scarlet & Violet 197,Trainer
Miraidon,Area Zero Underdepths Stellar Crown 131,Trainer
Miraidon,Area Zero Underdepths Stellar Crown 131,Trainer
Miraidon,Lightning Energy Scarlet & Violet 12,Energy
Miraidon,Lightning Energy Scarlet & Violet 12,Energy
Miraidon,Lightning Energy Scarlet & Violet 12,Energy
Miraidon,Lightning Energy Scarlet & Violet 12,Energy
Miraidon,Lightning Energy Scarlet & Violet 12,Energy
Miraidon,Lightning Energy Scarlet & Violet 12,Energy
Miraidon,Lightning Energy Scarlet & Violet 12,Energy
Miraidon,Lightning Energy Scarlet & Violet 12,Energy
Miraidon,Lightning Energy Scarlet & Violet 12,Energy
Miraidon,Lightning Energy Scarlet & Violet 12,Energy
Miraidon,Lightning Energy Scarlet & Violet 12,Energy
Miraidon,Lightning Energy Scarlet & Violet 12,Energy
Miraidon,Lightning Energy Scarlet & Violet 12,Energy
Miraidon,Lightning Energy Scarlet & Violet 12,Energy
Miraidon,Double Turbo Energy Brilliant Stars 151,Energy
Miraidon1,Miraidon ex Scarlet & Violet 81,Pokemon
Miraidon1,Miraidon ex Scarlet & Violet 81,Pokemon
Miraidon1,Iron Hands ex Paradox Rift 70,Pokemon
Miraidon1,Iron Hands ex Paradox Rift 70,Pokemon
Miraidon1,Magnemite Surging Sparks 58,Pokemon
Miraidon1,Magneton Surging Sparks 59,Pokemon
Miraidon1,Pikachu ex Surging Sparks 57,Pokemon
Miraidon1,Raikou V Brilliant Stars 48,Pokemon
Miraidon1,Raichu V Brilliant Stars 45,Pokemon
Miraidon1,Squawkabilly ex Paldea Evolved 169,Pokemon
Miraidon1,Fezandipiti ex Shrouded Fable 38,Pokemon
Miraidon1,Mew ex 151 151,Pokemon
Miraidon1,Latias ex Surging Sparks 76,Pokemon
Miraidon1,Bloodmoon Ursaluna ex Twilight Masquerade 141,Pokemon
Miraidon1,Lumineon V Brilliant Stars 40,Pokemon
Miraidon1,Iron Bundle Paradox Rift 56,Pokemon
Miraidon1,Arven Obsidian Flames 186,Trainer
Miraidon1,Arven Obsidian Flames 186,Trainer
Miraidon1,Arven Obsidian Flames 186,Trainer
Miraidon1,Arven Obsidian Flames 186,Trainer
Miraidon1,Boss's Orders Paldea Evolved 172,Trainer
Miraidon1,Boss's Orders Paldea Evolved 172,Trainer
Miraidon1,Boss's Orders Paldea Evolved 172,Trainer
Miraidon1,Electric Generator Scarlet & Violet 170,Trainer
Miraidon1,Electric Generator Scarlet & Violet 170,Trainer
Miraidon1,Electric Generator Scarlet & Violet 170,Trainer
Miraidon1,Electric Generator Scarlet & Violet 170,Trainer
Miraidon1,Nest Ball Scarlet & Violet 181,Trainer
Miraidon1,Nest Ball Scarlet & Violet 181,Trainer
Miraidon1,Nest Ball Scarlet & Violet 181,Trainer
Miraidon1,Nest Ball Scarlet & Violet 181,Trainer
Miraidon1,Ultra Ball Scarlet & Violet 196,Trainer
Miraidon1,Ultra Ball Scarlet & Violet 196,Trainer
Miraidon1,Ultra Ball Scarlet & Violet 196,Trainer
Miraidon1,Hisuian Heavy Ball Astral Radiance 146,Trainer
Miraidon1,Counter Catcher Paradox Rift 160,Trainer
Miraidon1,Night Stretcher Shrouded Fable 61,Trainer
Miraidon1,Secret Box Twilight Masquerade 163,Trainer
Miraidon1,Forest Seal Stone Silver Tempest 156,Trainer
Miraidon1,Rescue Board Temporal Forces 159,Trainer
Miraidon1,Bravery Charm Paldea Evolved 173,Trainer
Miraidon1,Area Zero Underdepths Stellar Crown 131,Trainer
Miraidon1,Area Zero Underdepths Stellar Crown 131,Trainer
Miraidon1,Lightning Energy Scarlet & Violet 12,Energy
Miraidon1,Lightning Energy Scarlet & Violet 12,Energy
Miraidon1,Lightning Energy Scarlet & Violet 12,Energy
Miraidon1,Lightning Energy Scarlet & Violet 12,Energy
Miraidon1,Lightning Energy Scarlet & Violet 12,Energy
Miraidon1,Lightning Energy Scarlet & Violet 12,Energy
Miraidon1,Lightning Energy Scarlet & Violet 12,Energy
Miraidon1,Lightning Energy Scarlet & Violet 12,Energy
Miraidon1,Lightning Energy Scarlet & Violet 12,Energy
Miraidon1,Lightning Energy Scarlet & Violet 12,Energy
Miraidon1,Lightning Energy Scarlet & Violet 12,Energy
Miraidon1,Lightning Energy Scarlet & Violet 12,Energy
Miraidon1,Lightning Energy Scarlet & Violet 12,Energy
Miraidon1,Lightning Energy Scarlet & Violet 12,Energy
Miraidon1,Lightning Energy Scarlet & Violet 12,Energy
Miraidon1,Lightning Energy Scarlet & Violet 12,Energy
Miraidon1,Double Turbo Energy Brilliant Stars 151,Energy
Miraidon2,Miraidon ex Scarlet & Violet 81,Pokemon
Miraidon2,Miraidon ex Scarlet & Violet 81,Pokemon
Miraidon2,Iron Hands ex Paradox Rift 70,Pokemon
Miraidon2,Iron Hands ex Paradox Rift 70,Pokemon
Miraidon2,Raikou V Brilliant Stars 48,Pokemon
Miraidon2,Raichu V Brilliant Stars 45,Pokemon
Miraidon2,Magnemite Paldea Evolved 65,Pokemon
Miraidon2,Magneton Surging Sparks 59,Pokemon
Miraidon2,Pikachu ex Surging Sparks 57,Pokemon
Miraidon2,Latias ex Surging Sparks 76,Pokemon
Miraidon2,Mew ex 151 151,Pokemon
Miraidon2,Fezandipiti ex Shrouded Fable 38,Pokemon
Miraidon2,Squawkabilly ex Paldea Evolved 169,Pokemon
Miraidon2,Lumineon V Brilliant Stars 40,Pokemon
Miraidon2,Iron Bundle Paradox Rift 56,Pokemon
Miraidon2,Arven Obsidian Flames 186,Trainer
Miraidon2,Arven Obsidian Flames 186,Trainer
Miraidon2,Arven Obsidian Flames 186,Trainer
Miraidon2,Arven Obsidian Flames 186,Trainer
Miraidon2,Boss's Orders Paldea Evolved 172,Trainer
Miraidon2,Boss's Orders Paldea Evolved 172,Trainer
Miraidon2,Boss's Orders Paldea Evolved 172,Trainer
Miraidon2,Boss's Orders Paldea Evolved 172,Trainer
Miraidon2,Electric Generator Scarlet & Violet 170,Trainer
Miraidon2,Electric Generator Scarlet & Violet 170,Trainer
Miraidon2,Electric Generator Scarlet & Violet 170,Trainer
Miraidon2,Electric Generator Scarlet & Violet 170,Trainer
Miraidon2,Nest Ball Scarlet & Violet 181,Trainer
Miraidon2,Nest Ball Scarlet & Violet 181,Trainer
Miraidon2,Nest Ball Scarlet & Violet 181,Trainer
Miraidon2,Nest Ball Scarlet & Violet 181,Trainer
Miraidon2,Ultra Ball Scarlet & Violet 196,Trainer
Miraidon2,Ultra Ball Scarlet & Violet 196,Trainer
Miraidon2,Ultra Ball Scarlet & Violet 196,Trainer
Miraidon2,Hisuian Heavy Ball Astral Radiance 146,Trainer
Miraidon2,Counter Catcher Paradox Rift 160,Trainer
Miraidon2,Night Stretcher Shrouded Fable 61,Trainer
Miraidon2,Secret Box Twilight Masquerade 163,Trainer
Miraidon2,Bravery Charm Paldea Evolved 173,Trainer
Miraidon2,Rescue Board Temporal Forces 159,Trainer
Miraidon2,Forest Seal Stone Silver Tempest 156,Trainer
Miraidon2,Area Zero Underdepths Stellar Crown 131,Trainer
Miraidon2,Area Zero Underdepths Stellar Crown 131,Trainer
Miraidon2,Lightning Energy Scarlet & Violet 12,Energy
Miraidon2,Lightning Energy Scarlet & Violet 12,Energy
Miraidon2,Lightning Energy Scarlet & Violet 12,Energy
Miraidon2,Lightning Energy Scarlet & Violet 12,Energy
Miraidon2,Lightning Energy Scarlet & Violet 12,Energy
Miraidon2,Lightning Energy Scarlet & Violet 12,Energy
Miraidon2,Lightning Energy Scarlet & Violet 12,Energy
Miraidon2,Lightning Energy Scarlet & Violet 12,Energy
Miraidon2,Lightning Energy Scarlet & Violet 12,Energy
Miraidon2,Lightning Energy Scarlet & Violet 12,Energy
Miraidon2,Lightning Energy Scarlet & Violet 12,Energy
Miraidon2,Lightning Energy Scarlet & Violet 12,Energy
Miraidon2,Lightning Energy Scarlet & Violet 12,Energy
Miraidon2,Lightning Energy Scarlet & Violet 12,Energy
Miraidon2,Lightning Energy Scarlet & Violet 12,Energy
Miraidon2,Lightning Energy Scarlet & Violet 12,Energy
Miraidon2,Double Turbo Energy Brilliant Stars 151,Energy
Miraidon3,Raikou V Brilliant Stars 48,Pokemon
Miraidon3,Raikou V Brilliant Stars 48,Pokemon
Miraidon3,Iron Hands ex Paradox Rift 70,Pokemon
Miraidon3,Iron Hands ex Paradox Rift 70,Pokemon
Miraidon3,Miraidon ex Scarlet & Violet 81,Pokemon
Miraidon3,Miraidon ex Scarlet & Violet 81,Pokemon
Miraidon3,Magnemite Scarlet & Violet 63,Pokemon
Miraidon3,Magneton Surging Sparks 59,Pokemon
Miraidon3,Iron Bundle Paradox Rift 56,Pokemon
Miraidon3,Lumineon V Brilliant Stars 40,Pokemon
Miraidon3,Fezandipiti ex Shrouded Fable 38,Pokemon
Miraidon3,Mew ex 151 151,Pokemon
Miraidon3,Squawkabilly ex Paldea Evolved 169,Pokemon
Miraidon3,Latias ex Surging Sparks 76,Pokemon
Miraidon3,Pikachu ex Surging Sparks 57,Pokemon
Miraidon3,Raichu V Brilliant Stars 45,Pokemon
Miraidon3,Boss's Orders Paldea Evolved 172,Trainer
Miraidon3,Boss's Orders Paldea Evolved 172,Trainer
Miraidon3,Boss's Orders Paldea Evolved 172,Trainer
Miraidon3,Boss's Orders Paldea Evolved 172,Trainer
Miraidon3,Arven Obsidian Flames 186,Trainer
Miraidon3,Arven Obsidian Flames 186,Trainer
Miraidon3,Arven Obsidian Flames 186,Trainer
Miraidon3,Arven Obsidian Flames 186,Trainer
Miraidon3,Nest Ball Scarlet & Violet 181,Trainer
Miraidon3,Nest Ball Scarlet & Violet 181,Trainer
Miraidon3,Nest Ball Scarlet & Violet 181,Trainer
Miraidon3,Nest Ball Scarlet & Violet 181,Trainer
Miraidon3,Electric Generator Scarlet & Violet 170,Trainer
Miraidon3,Electric Generator Scarlet & Violet 170,Trainer
Miraidon3,Electric Generator Scarlet & Violet 170,Trainer
Miraidon3,Electric Generator Scarlet & Violet 170,Trainer
Miraidon3,Ultra Ball Scarlet & Violet 196,Trainer
Miraidon3,Ultra Ball Scarlet & Violet 196,Trainer
Miraidon3,Ultra Ball Scarlet & Violet 196,Trainer
Miraidon3,Secret Box Twilight Masquerade 163,Trainer
Miraidon3,Super Rod Paldea Evolved 188,Trainer
Miraidon3,Counter Catcher Paradox Rift 160,Trainer
Miraidon3,Hisuian Heavy Ball Astral Radiance 146,Trainer
Miraidon3,Forest Seal Stone Silver Tempest 156,Trainer
Miraidon3,Bravery Charm Paldea Evolved 173,Trainer
Miraidon3,Rescue Board Temporal Forces 159,Trainer
Miraidon3,Area Zero Underdepths Stellar Crown 131,Trainer
Miraidon3,Area Zero Underdepths Stellar Crown 131,Trainer
Miraidon3,Lightning Energy Scarlet & Violet 12,Energy
Miraidon3,Lightning Energy Scarlet & Violet 12,Energy
Miraidon3,Lightning Energy Scarlet & Violet 12,Energy
Miraidon3,Lightning Energy Scarlet & Violet 12,Energy
Miraidon3,Lightning Energy Scarlet & Violet 12,Energy
Miraidon3,Lightning Energy Scarlet & Violet 12,Energy
Miraidon3,Lightning Energy Scarlet & Violet 12,Energy
Miraidon3,Lightning Energy Scarlet & Violet 12,Energy
Miraidon3,Lightning Energy Scarlet & Violet 12,Energy
Miraidon3,Lightning Energy Scarlet & Violet 12,Energy
Miraidon3,Lightning Energy Scarlet & Violet 12,Energy
Miraidon3,Lightning Energy Scarlet & Violet 12,Energy
Miraidon3,Lightning Energy Scarlet & Violet 12,Energy
Miraidon3,Lightning Energy Scarlet & Violet 12,Energy
Miraidon3,Lightning Energy Scarlet & Violet 12,Energy
Miraidon3,Double Turbo Energy Brilliant Stars 151,Energy
Miraidon4,Miraidon ex Scarlet & Violet 81,Pokemon
Miraidon4,Miraidon ex Scarlet & Violet 81,Pokemon
Miraidon4,Miraidon ex Scarlet & Violet 81,Pokemon
Miraidon4,Squawkabilly ex Paldea Evolved 169,Pokemon
Miraidon4,Squawkabilly ex Paldea Evolved 169,Pokemon
Miraidon4,Iron Hands ex Paradox Rift 70,Pokemon
Miraidon4,Iron Hands ex Paradox Rift 70,Pokemon
Miraidon4,Raikou V Brilliant Stars 48,Pokemon
Miraidon4,Raikou V Brilliant Stars 48,Pokemon
Miraidon4,Magnemite Paldea Evolved 65,Pokemon
Miraidon4,Magneton Surging Sparks 59,Pokemon
Miraidon4,Mew ex 151 151,Pokemon
Miraidon4,Fezandipiti ex Shrouded Fable 38,Pokemon
Miraidon4,Bloodmoon Ursaluna ex Twilight Masquerade 141,Pokemon
Miraidon4,Iron Bundle Paradox Rift 56,Pokemon
Miraidon4,Latias ex Surging Sparks 76,Pokemon
Miraidon4,Pikachu ex Surging Sparks 57,Pokemon
Miraidon4,Raichu V Brilliant Stars 45,Pokemon
Miraidon4,Zapdos Pokémon GO 29,Pokemon
Miraidon4,Arven Obsidian Flames 186,Trainer
Miraidon4,Arven Obsidian Flames 186,Trainer
Miraidon4,Arven Obsidian Flames 186,Trainer
Miraidon4,Arven Obsidian Flames 186,Trainer
Miraidon4,Boss's Orders Paldea Evolved 172,Trainer
Miraidon4,Boss's Orders Paldea Evolved 172,Trainer
Miraidon4,Boss's Orders Paldea Evolved 172,Trainer
Miraidon4,Nest Ball Scarlet & Violet 181,Trainer
Miraidon4,Nest Ball Scarlet & Violet 181,Trainer
Miraidon4,Nest Ball Scarlet & Violet 181,Trainer
Miraidon4,Nest Ball Scarlet & Violet 181,Trainer
Miraidon4,Electric Generator Scarlet & Violet 170,Trainer
Miraidon4,Electric Generator Scarlet & Violet 170,Trainer
Miraidon4,Electric Generator Scarlet & Violet 170,Trainer
Miraidon4,Electric Generator Scarlet & Violet 170,Trainer
Miraidon4,Secret Box Twilight Masquerade 163,Trainer
Miraidon4,Ultra Ball Scarlet & Violet 196,Trainer
Miraidon4,Night Stretcher Shrouded Fable 61,Trainer
Miraidon4,Switch Cart Astral Radiance 154,Trainer
Miraidon4,Counter Catcher Paradox Rift 160,Trainer
Miraidon4,Bravery Charm Paldea Evolved 173,Trainer
Miraidon4,Rescue Board Temporal Forces 159,Trainer
Miraidon4,Forest Seal Stone Silver Tempest 156,Trainer
Miraidon4,Area Zero Underdepths Stellar Crown 131,Trainer
Miraidon4,Area Zero Underdepths Stellar Crown 131,Trainer
Miraidon4,Lightning Energy Scarlet & Violet 12,Energy
Miraidon4,Lightning Energy Scarlet & Violet 12,Energy
Miraidon4,Lightning Energy Scarlet & Violet 12,Energy
Miraidon4,Lightning Energy Scarlet & Violet 12,Energy
Miraidon4,Lightning Energy Scarlet & Violet 12,Energy
Miraidon4,Lightning Energy Scarlet & Violet 12,Energy
Miraidon4,Lightning Energy Scarlet & Violet 12,Energy
Miraidon4,Lightning Energy Scarlet & Violet 12,Energy
Miraidon4,Lightning Energy Scarlet & Violet 12,Energy
Miraidon4,Lightning Energy Scarlet & Violet 12,Energy
Miraidon4,Lightning Energy Scarlet & Violet 12,Energy
Miraidon4,Lightning Energy Scarlet & Violet 12,Energy
Miraidon4,Lightning Energy Scarlet & Violet 12,Energy
Miraidon4,Lightning Energy Scarlet & Violet 12,Energy
Miraidon4,Lightning Energy Scarlet & Violet 12,Energy
Miraidon4,Double Turbo Energy Brilliant Stars 151,Energy
Miraidon5,Miraidon ex Scarlet & Violet 81,Pokemon
Miraidon5,Miraidon ex Scarlet & Violet 81,Pokemon
Miraidon5,Iron Hands ex Paradox Rift 70,Pokemon
Miraidon5,Iron Hands ex Paradox Rift 70,Pokemon
Miraidon5,Magnemite 151 81,Pokemon
Miraidon5,Magneton Surging Sparks 59,Pokemon
Miraidon5,Raikou V Brilliant Stars 48,Pokemon
Miraidon5,Pikachu ex Surging Sparks 57,Pokemon
Miraidon5,Fezandipiti ex Shrouded Fable 38,Pokemon
Miraidon5,Lumineon V Brilliant Stars 40,Pokemon
Miraidon5,Raichu V Brilliant Stars 45,Pokemon
Miraidon5,Latias ex Surging Sparks 76,Pokemon
Miraidon5,Zapdos Pokémon GO 29,Pokemon
Miraidon5,Mew ex 151 151,Pokemon
Miraidon5,Iron Bundle Paradox Rift 56,Pokemon
Miraidon5,Squawkabilly ex Paldea Evolved 169,Pokemon
Miraidon5,Arven Obsidian Flames 186,Trainer
Miraidon5,Arven Obsidian Flames 186,Trainer
Miraidon5,Arven Obsidian Flames 186,Trainer
Miraidon5,Boss's Orders Paldea Evolved 172,Trainer
Miraidon5,Boss's Orders Paldea Evolved 172,Trainer
Miraidon5,Boss's Orders Paldea Evolved 172,Trainer
Miraidon5,Irida Astral Radiance 147,Trainer
Miraidon5,Nest Ball Scarlet & Violet 181,Trainer
Miraidon5,Nest Ball Scarlet & Violet 181,Trainer
Miraidon5,Nest Ball Scarlet & Violet 181,Trainer
Miraidon5,Nest Ball Scarlet & Violet 181,Trainer
Miraidon5,Electric Generator Scarlet & Violet 170,Trainer
Miraidon5,Electric Generator Scarlet & Violet 170,Trainer
Miraidon5,Electric Generator Scarlet & Violet 170,Trainer
Miraidon5,Electric Generator Scarlet & Violet 170,Trainer
Miraidon5,Ultra Ball Scarlet & Violet 196,Trainer
Miraidon5,Ultra Ball Scarlet & Violet 196,Trainer
Miraidon5,Ultra Ball Scarlet & Violet 196,Trainer
Miraidon5,Switch Cart Astral Radiance 154,Trainer
Miraidon5,Counter Catcher Paradox Rift 160,Trainer
Miraidon5,Secret Box Twilight Masquerade 163,Trainer
Miraidon5,Night Stretcher Shrouded Fable 61,Trainer
Miraidon5,Hisuian Heavy Ball Astral Radiance 146,Trainer
Miraidon5,Forest Seal Stone Silver Tempest 156,Trainer
Miraidon5,Bravery Charm Paldea Evolved 173,Trainer
Miraidon5,Area Zero Underdepths Stellar Crown 131,Trainer
Miraidon5,Area Zero Underdepths Stellar Crown 131,Trainer
Miraidon5,Lightning Energy Scarlet & Violet 12,Energy
Miraidon5,Lightning Energy Scarlet & Violet 12,Energy
Miraidon5,Lightning Energy Scarlet & Violet 12,Energy
Miraidon5,Lightning Energy Scarlet & Violet 12,Energy
Miraidon5,Lightning Energy Scarlet & Violet 12,Energy
Miraidon5,Lightning Energy Scarlet & Violet 12,Energy
Miraidon5,Lightning Energy Scarlet & Violet 12,Energy
Miraidon5,Lightning Energy Scarlet & Violet 12,Energy
Miraidon5,Lightning Energy Scarlet & Violet 12,Energy
Miraidon5,Lightning Energy Scarlet & Violet 12,Energy
Miraidon5,Lightning Energy Scarlet & Violet 12,Energy
Miraidon5,Lightning Energy Scarlet & Violet 12,Energy
Miraidon5,Lightning Energy Scarlet & Violet 12,Energy
Miraidon5,Lightning Energy Scarlet & Violet 12,Energy
Miraidon5,Lightning Energy Scarlet & Violet 12,Energy
Miraidon5,Lightning Energy Scarlet & Violet 12,Energy
Miraidon5,Double Turbo Energy Brilliant Stars 151,Energy
Miraidon6,Iron Hands ex Paradox Rift 70,Pokemon
Miraidon6,Iron Hands ex Paradox Rift 70,Pokemon
Miraidon6,Miraidon ex Scarlet & Violet 81,Pokemon
Miraidon6,Miraidon ex Scarlet & Violet 81,Pokemon
Miraidon6,Pikachu ex Surging Sparks 57,Pokemon
Miraidon6,Pikachu ex Surging Sparks 57,Pokemon
Miraidon6,Raikou V Brilliant Stars 48,Pokemon
Miraidon6,Raikou V Brilliant Stars 48,Pokemon
Miraidon6,Magnemite Scarlet & Violet 63,Pokemon
Miraidon6,Magneton Surging Sparks 59,Pokemon
Miraidon6,Latias ex Surging Sparks 76,Pokemon
Miraidon6,Rotom V Lost Origin 58,Pokemon
Miraidon6,Lumineon V Brilliant Stars 40,Pokemon
Miraidon6,Iron Bundle Paradox Rift 56,Pokemon
Miraidon6,Fezandipiti ex Shrouded Fable 38,Pokemon
Miraidon6,Mew ex 151 151,Pokemon
Miraidon6,Raichu V Brilliant Stars 45,Pokemon
Miraidon6,Squawkabilly ex Paldea Evolved 169,Pokemon
Miraidon6,Arven Obsidian Flames 186,Trainer
Miraidon6,Arven Obsidian Flames 186,Trainer
Miraidon6,Arven Obsidian Flames 186,Trainer
Miraidon6,Arven Obsidian Flames 186,Trainer
Miraidon6,Boss's Orders Paldea Evolved 172,Trainer
Miraidon6,Boss's Orders Paldea Evolved 172,Trainer
Miraidon6,Boss's Orders Paldea Evolved 172,Trainer
Miraidon6,Electric Generator Scarlet & Violet 170,Trainer
Miraidon6,Electric Generator Scarlet & Violet 170,Trainer
Miraidon6,Electric Generator Scarlet & Violet 170,Trainer
Miraidon6,Electric Generator Scarlet & Violet 170,Trainer
Miraidon6,Nest Ball Scarlet & Violet 181,Trainer
Miraidon6,Nest Ball Scarlet & Violet 181,Trainer
Miraidon6,Nest Ball Scarlet & Violet 181,Trainer
Miraidon6,Nest Ball Scarlet & Violet 181,Trainer
Miraidon6,Ultra Ball Scarlet & Violet 196,Trainer
Miraidon6,Ultra Ball Scarlet & Violet 196,Trainer
Miraidon6,Hisuian Heavy Ball Astral Radiance 146,Trainer
Miraidon6,Secret Box Twilight Masquerade 163,Trainer
Miraidon6,Counter Catcher Paradox Rift 160,Trainer
Miraidon6,Super Rod Paldea Evolved 188,Trainer
Miraidon6,Forest Seal Stone Silver Tempest 156,Trainer
Miraidon6,Rescue Board Temporal Forces 159,Trainer
Miraidon6,Bravery Charm Paldea Evolved 173,Trainer
Miraidon6,Area Zero Underdepths Stellar Crown 131,Trainer
Miraidon6,Area Zero Underdepths Stellar Crown 131,Trainer
Miraidon6,Lightning Energy Scarlet & Violet 12,Energy
Miraidon6,Lightning Energy Scarlet & Violet 12,Energy
Miraidon6,Lightning Energy Scarlet & Violet 12,Energy
Miraidon6,Lightning Energy Scarlet & Violet 12,Energy
Miraidon6,Lightning Energy Scarlet & Violet 12,Energy
Miraidon6,Lightning Energy Scarlet & Violet 12,Energy
Miraidon6,Lightning Energy Scarlet & Violet 12,Energy
Miraidon6,Lightning Energy Scarlet & Violet 12,Energy
Miraidon6,Lightning Energy Scarlet & Violet 12,Energy
Miraidon6,Lightning Energy Scarlet & Violet 12,Energy
Miraidon6,Lightning Energy Scarlet & Violet 12,Energy
Miraidon6,Lightning Energy Scarlet & Violet 12,Energy
Miraidon6,Lightning Energy Scarlet & Violet 12,Energy
Miraidon6,Lightning Energy Scarlet & Violet 12,Energy
Miraidon6,Lightning Energy Scarlet & Violet 12,Energy
Miraidon6,Double Turbo Energy Brilliant Stars 151,Energy
Miraidon7,Miraidon ex Scarlet & Violet 81,Pokemon
Miraidon7,Miraidon ex Scarlet & Violet 81,Pokemon
Miraidon7,Iron Hands ex Paradox Rift 70,Pokemon
Miraidon7,Iron Hands ex Paradox Rift 70,Pokemon
Miraidon7,Raikou V Brilliant Stars 48,Pokemon
Miraidon7,Raichu V Brilliant Stars 45,Pokemon
Miraidon7,Magnemite Paldea Evolved 65,Pokemon
Miraidon7,Magneton Surging Sparks 59,Pokemon
Miraidon7,Pikachu ex Surging Sparks 57,Pokemon
Miraidon7,Latias ex Surging Sparks 76,Pokemon
Miraidon7,Mew ex 151 151,Pokemon
Miraidon7,Fezandipiti ex Shrouded Fable 38,Pokemon
Miraidon7,Squawkabilly ex Paldea Evolved 169,Pokemon
Miraidon7,Lumineon V Brilliant Stars 40,Pokemon
Miraidon7,Iron Bundle Paradox Rift 56,Pokemon
Miraidon7,Arven Obsidian Flames 186,Trainer
Miraidon7,Arven Obsidian Flames 186,Trainer
Miraidon7,Arven Obsidian Flames 186,Trainer
Miraidon7,Arven Obsidian Flames 186,Trainer
Miraidon7,Boss's Orders Paldea Evolved 172,Trainer
Miraidon7,Boss's Orders Paldea Evolved 172,Trainer
Miraidon7,Boss's Orders Paldea Evolved 172,Trainer
Miraidon7,Boss's Orders Paldea Evolved 172,Trainer
Miraidon7,Electric Generator Scarlet & Violet 170,Trainer
Miraidon7,Electric Generator Scarlet & Violet 170,Trainer
Miraidon7,Electric Generator Scarlet & Violet 170,Trainer
Miraidon7,Electric Generator Scarlet & Violet 170,Trainer
Miraidon7,Nest Ball Scarlet & Violet 181,Trainer
Miraidon7,Nest Ball Scarlet & Violet 181,Trainer
Miraidon7,Nest Ball Scarlet & Violet 181,Trainer
Miraidon7,Nest Ball Scarlet & Violet 181,Trainer
Miraidon7,Ultra Ball Scarlet & Violet 196,Trainer
Miraidon7,Ultra Ball Scarlet & Violet 196,Trainer
Miraidon7,Ultra Ball Scarlet & Violet 196,Trainer
Miraidon7,Hisuian Heavy Ball Astral Radiance 146,Trainer
Miraidon7,Counter Catcher Paradox Rift 160,Trainer
Miraidon7,Night Stretcher Shrouded Fable 61,Trainer
Miraidon7,Secret Box Twilight Masquerade 163,Trainer
Miraidon7,Bravery Charm Paldea Evolved 173,Trainer
Miraidon7,Rescue Board Temporal Forces 159,Trainer
Miraidon7,Forest Seal Stone Silver Tempest 156,Trainer
Miraidon7,Area Zero Underdepths Stellar Crown 131,Trainer
Miraidon7,Area Zero Underdepths Stellar Crown 131,Trainer
Miraidon7,Lightning Energy Scarlet & Violet 12,Energy
Miraidon7,Lightning Energy Scarlet & Violet 12,Energy
Miraidon7,Lightning Energy Scarlet & Violet 12,Energy
Miraidon7,Lightning Energy Scarlet & Violet 12,Energy
Miraidon7,Lightning Energy Scarlet & Violet 12,Energy
Miraidon7,Lightning Energy Scarlet & Violet 12,Energy
Miraidon7,Lightning Energy Scarlet & Violet 12,Energy
Miraidon7,Lightning Energy Scarlet & Violet 12,Energy
Miraidon7,Lightning Energy Scarlet & Violet 12,Energy
Miraidon7,Lightning Energy Scarlet & Violet 12,Energy
Miraidon7,Lightning Energy Scarlet & Violet 12,Energy
Miraidon7,Lightning Energy Scarlet & Violet 12,Energy
Miraidon7,Lightning Energy Scarlet & Violet 12,Energy
Miraidon7,Lightning Energy Scarlet & Violet 12,Energy
Miraidon7,Lightning Energy Scarlet & Violet 12,Energy
Miraidon7,Lightning Energy Scarlet & Violet 12,Energy
Miraidon7,Double Turbo Energy Brilliant Stars 151,Energy
Miraidon8,Miraidon ex Scarlet & Violet 81,Pokemon
Miraidon8,Miraidon ex Scarlet & Violet 81,Pokemon
Miraidon8,Iron Hands ex Paradox Rift 70,Pokemon
Miraidon8,Iron Hands ex Paradox Rift 70,Pokemon
Miraidon8,Magnemite Paldea Evolved 65,Pokemon
Miraidon8,Magneton Surging Sparks 59,Pokemon
Miraidon8,Lumineon V Brilliant Stars 40,Pokemon
Miraidon8,Pikachu ex Surging Sparks 57,Pokemon
Miraidon8,Squawkabilly ex Paldea Evolved 169,Pokemon
Miraidon8,Radiant Greninja Astral Radiance 46,Pokemon
Miraidon8,Iron Bundle Paradox Rift 56,Pokemon
Miraidon8,Raichu V Brilliant Stars 45,Pokemon
Miraidon8,Fezandipiti ex Shrouded Fable 38,Pokemon
Miraidon8,Raikou V Brilliant Stars 48,Pokemon
Miraidon8,Latias ex Surging Sparks 76,Pokemon
Miraidon8,Mew ex 151 151,Pokemon
Miraidon8,Boss's Orders Paldea Evolved 172,Trainer
Miraidon8,Boss's Orders Paldea Evolved 172,Trainer
Miraidon8,Boss's Orders Paldea Evolved 172,Trainer
Miraidon8,Irida Astral Radiance 147,Trainer
Miraidon8,Irida Astral Radiance 147,Trainer
Miraidon8,Arven Obsidian Flames 186,Trainer
Miraidon8,Arven Obsidian Flames 186,Trainer
Miraidon8,Ultra Ball Scarlet & Violet 196,Trainer
Miraidon8,Ultra Ball Scarlet & Violet 196,Trainer
Miraidon8,Ultra Ball Scarlet & Violet 196,Trainer
Miraidon8,Ultra Ball Scarlet & Violet 196,Trainer
Miraidon8,Electric Generator Scarlet & Violet 170,Trainer
Miraidon8,Electric Generator Scarlet & Violet 170,Trainer
Miraidon8,Electric Generator Scarlet & Violet 170,Trainer
Miraidon8,Electric Generator Scarlet & Violet 170,Trainer
Miraidon8,Nest Ball Scarlet & Violet 181,Trainer
Miraidon8,Nest Ball Scarlet & Violet 181,Trainer
Miraidon8,Nest Ball Scarlet & Violet 181,Trainer
Miraidon8,Nest Ball Scarlet & Violet 181,Trainer
Miraidon8,Counter Catcher Paradox Rift 160,Trainer
Miraidon8,Hisuian Heavy Ball Astral Radiance 146,Trainer
Miraidon8,Night Stretcher Shrouded Fable 61,Trainer
Miraidon8,Secret Box Twilight Masquerade 163,Trainer
Miraidon8,Bravery Charm Paldea Evolved 173,Trainer
Miraidon8,Forest Seal Stone Silver Tempest 156,Trainer
Miraidon8,Rescue Board Temporal Forces 159,Trainer
Miraidon8,Area Zero Underdepths Stellar Crown 131,Trainer
Miraidon8,Area Zero Underdepths Stellar Crown 131,Trainer
Miraidon8,Lightning Energy Scarlet & Violet 12,Energy
Miraidon8,Lightning Energy Scarlet & Violet 12,Energy
Miraidon8,Lightning Energy Scarlet & Violet 12,Energy
Miraidon8,Lightning Energy Scarlet & Violet 12,Energy
Miraidon8,Lightning Energy Scarlet & Violet 12,Energy
Miraidon8,Lightning Energy Scarlet & Violet 12,Energy
Miraidon8,Lightning Energy Scarlet & Violet 12,Energy
Miraidon8,Lightning Energy Scarlet & Violet 12,Energy
Miraidon8,Lightning Energy Scarlet & Violet 12,Energy
Miraidon8,Lightning Energy Scarlet & Violet 12,Energy
Miraidon8,Lightning Energy Scarlet & Violet 12,Energy
Miraidon8,Lightning Energy Scarlet & Violet 12,Energy
Miraidon8,Lightning Energy Scarlet & Violet 12,Energy
Miraidon8,Lightning Energy Scarlet & Violet 12,Energy
Miraidon8,Lightning Energy Scarlet & Violet 12,Energy
Miraidon8,Double Turbo Energy Brilliant Stars 151,Energy
Miraidon9,Miraidon ex Scarlet & Violet 81,Pokemon
Miraidon9,Miraidon ex Scarlet & Violet 81,Pokemon
Miraidon9,Iron Hands ex Paradox Rift 70,Pokemon
Miraidon9,Iron Hands ex Paradox Rift 70,Pokemon
Miraidon9,Raikou V Brilliant Stars 48,Pokemon
Miraidon9,Raikou V Brilliant Stars 48,Pokemon
Miraidon9,Magnemite Surging Sparks 58,Pokemon
Miraidon9,Magneton Surging Sparks 59,Pokemon
Miraidon9,Raichu V Brilliant Stars 45,Pokemon
Miraidon9,Squawkabilly ex Paldea Evolved 169,Pokemon
Miraidon9,Fezandipiti ex Shrouded Fable 38,Pokemon
Miraidon9,Pikachu ex Surging Sparks 57,Pokemon
Miraidon9,Iron Bundle Paradox Rift 56,Pokemon
Miraidon9,Radiant Greninja Astral Radiance 46,Pokemon
Miraidon9,Bloodmoon Ursaluna ex Twilight Masquerade 141,Pokemon
Miraidon9,Lumineon V Brilliant Stars 40,Pokemon
Miraidon9,Mew ex 151 151,Pokemon
Miraidon9,Latias ex Surging Sparks 76,Pokemon
Miraidon9,Arven Obsidian Flames 186,Trainer
Miraidon9,Arven Obsidian Flames 186,Trainer
Miraidon9,Arven Obsidian Flames 186,Trainer
Miraidon9,Arven Obsidian Flames 186,Trainer
Miraidon9,Boss's Orders Paldea Evolved 172,Trainer
Miraidon9,Boss's Orders Paldea Evolved 172,Trainer
Miraidon9,Boss's Orders Paldea Evolved 172,Trainer
Miraidon9,Electric Generator Scarlet & Violet 170,Trainer
Miraidon9,Electric Generator Scarlet & Violet 170,Trainer
Miraidon9,Electric Generator Scarlet & Violet 170,Trainer
Miraidon9,Electric Generator Scarlet & Violet 170,Trainer
Miraidon9,Nest Ball Scarlet & Violet 181,Trainer
Miraidon9,Nest Ball Scarlet & Violet 181,Trainer
Miraidon9,Nest Ball Scarlet & Violet 181,Trainer
Miraidon9,Nest Ball Scarlet & Violet 181,Trainer
Miraidon9,Ultra Ball Scarlet & Violet 196,Trainer
Miraidon9,Ultra Ball Scarlet & Violet 196,Trainer
Miraidon9,Ultra Ball Scarlet & Violet 196,Trainer
Miraidon9,Switch Cart Astral Radiance 154,Trainer
Miraidon9,Prime Catcher Temporal Forces 157,Trainer
Miraidon9,Lost Vacuum Lost Origin 162,Trainer
Miraidon9,Night Stretcher Shrouded Fable 61,Trainer
Miraidon9,Forest Seal Stone Silver Tempest 156,Trainer
Miraidon9,Bravery Charm Paldea Evolved 173,Trainer
Miraidon9,Area Zero Underdepths Stellar Crown 131,Trainer
Miraidon9,Area Zero Underdepths Stellar Crown 131,Trainer
Miraidon9,Lightning Energy Scarlet & Violet 12,Energy
Miraidon9,Lightning Energy Scarlet & Violet 12,Energy
Miraidon9,Lightning Energy Scarlet & Violet 12,Energy
Miraidon9,Lightning Energy Scarlet & Violet 12,Energy
Miraidon9,Lightning Energy Scarlet & Violet 12,Energy
Miraidon9,Lightning Energy Scarlet & Violet 12,Energy
Miraidon9,Lightning Energy Scarlet & Violet 12,Energy
Miraidon9,Lightning Energy Scarlet & Violet 12,Energy
Miraidon9,Lightning Energy Scarlet & Violet 12,Energy
Miraidon9,Lightning Energy Scarlet & Violet 12,Energy
Miraidon9,Lightning Energy Scarlet & Violet 12,Energy
Miraidon9,Lightning Energy Scarlet & Violet 12,Energy
Miraidon9,Lightning Energy Scarlet & Violet 12,Energy
Miraidon9,Lightning Energy Scarlet & Violet 12,Energy
Miraidon9,Lightning Energy Scarlet & Violet 12,Energy
Miraidon9,Double Turbo Energy Brilliant Stars 151,Energy
